,referrer,session_count,sum_duration_in_min,mean_duration_in_min,sum_first_session,prop_first_session,sum_click,mean_click,sum_ctc,prop_ctc,users_on_CTC,prospect_created,client_acquired,redirect_p1,redirect_p2,redirect_p3,redirect_p4,redirect_p5,redirect_p6,cumul_time_p1,cumul_time_p2,cumul_time_p3,cumul_time_p4,cumul_time_p5,cumul_time_p6,CTC_count_p1,CTC_count_p2,CTC_count_p3,CTC_count_p4,CTC_count_p5,CTC_count_p6,prop_time_p1,prop_time_p2,prop_time_p3,prop_time_p4,prop_time_p5,prop_time_p6,prop_CTC_p1,prop_CTC_p2,prop_CTC_p3,prop_CTC_p4,prop_CTC_p5,prop_CTC_p6
0,affise,355,11278,32,105,0.29577464788732394,1527.0,4.301408450704225,49.0,0.13802816901408452,39,39,2.0,63,47,54,59,73,59,106807.0,110718.0,104633.0,114216.0,133769.0,106531.0,9.0,8.0,6.0,13.0,6.0,7.0,0.1578411465491507,0.16362088686723592,0.15462837348560754,0.16879028897223775,0.1976860349296707,0.15743326919609738,0.1836734693877551,0.16326530612244897,0.12244897959183673,0.2653061224489796,0.12244897959183673,0.14285714285714285
1,awin,370,11316,31,106,0.2864864864864865,1587.0,4.289189189189189,37.0,0.1,32,31,3.0,55,64,75,64,59,53,118855.0,95489.0,126886.0,122367.0,112819.0,102561.0,6.0,6.0,8.0,7.0,6.0,4.0,0.17505011215401994,0.14063657531845702,0.18687820058705965,0.18022259958732034,0.1661602675790196,0.15105224477412343,0.16216216216216217,0.16216216216216217,0.21621621621621623,0.1891891891891892,0.16216216216216217,0.10810810810810811
2,cj,343,10015,29,92,0.26822157434402333,1446.0,4.215743440233236,44.0,0.1282798833819242,37,36,2.0,47,53,61,65,57,60,106845.0,105006.0,95609.0,111223.0,88921.0,93511.0,7.0,10.0,7.0,7.0,4.0,9.0,0.1777446911156767,0.17468537634229722,0.15905276028713308,0.1850278232950434,0.14792676942016086,0.15556257953968874,0.1590909090909091,0.22727272727272727,0.1590909090909091,0.1590909090909091,0.09090909090909091,0.20454545454545456
3,google,17349,523986,30,5208,0.3001902126923742,73561.0,4.240071473860165,2323.0,0.1338982073894749,1846,1761,159.0,2823,2952,2977,2895,2846,2856,5152976.0,5194070.0,5422439.0,5341762.0,5160532.0,5170941.0,376.0,433.0,413.0,375.0,367.0,359.0,0.16388454942829372,0.16519149742770345,0.17245451411328283,0.16988867375341574,0.16412485942691982,0.16445590585038444,0.16185966422729228,0.1863969005596212,0.17778734395178647,0.16142918639690057,0.15798536375376668,0.1545415411106328
